week,store_id,sales,plan,plan_challenge
2016-04-25,ALL,20483.0,21588.1,20992.0
2016-05-02,ALL,21017.0,21224.7,21007.4
2016-05-09,ALL,21331.0,20963.0,19967.5
2016-05-16,ALL,21323.0,20942.5,19276.8
2016-04-25,CA_1,6333.0,6436.1,6682.5
2016-05-02,CA_1,6714.0,6363.0,6976.0
2016-05-09,CA_1,6596.0,6423.3,6603.2
2016-05-16,CA_1,6725.0,6542.6,6472.3
2016-04-25,CA_2,5037.0,5171.4,4082.7
2016-05-02,CA_2,5075.0,5088.2,3843.1
2016-05-09,CA_2,5459.0,5065.2,3861.6
2016-05-16,CA_2,5518.0,5191.2,3915.1
2016-04-25,CA_3,9113.0,9980.6,10226.8
2016-05-02,CA_3,9228.0,9773.5,10188.3
2016-05-09,CA_3,9276.0,9474.4,9502.7
2016-05-16,CA_3,9080.0,9208.6,8889.3
